name,url,image_url,price,description,categories
Discord Nitro 3 Months Trial,https://pcgameskey.com/product/discord-nitro-3-months-trial/,https://pcgameskey.com/wp-content/uploads/thumbs_dir/61AD2hwMsjL._AC_UF10001000_QL80_-ezgif.com-jpg-to-webp-converter-23f0zfcjyf060mne1ktda84wtyr55ko9vlru1ulzr9lw.webp,Us$ 1.99,"Discord is one of the biggest chat platforms, combining thousands of servers about literally everything, where people from all over the world chat in real time every day.",Gaming Services
Office 2024 Professional Plus Phone Activation Key,https://pcgameskey.com/product/office-2024-professional-plus-phone-key/,https://pcgameskey.com/wp-content/uploads/thumbs_dir/Office-2024-Professional-plus-2-ezgif.com-censor-2367qnn9cq1ah9u58m0jbrfrwc2249ki7ex2u518g6ec.webp,Us$ 9.99,Buy Office 2024 Professional Plus Key for the best price at Pcgameskey. Order now and we will send you the product key directly via e-mail.,Office Software
Windows 10 Pro Retail Key,https://pcgameskey.com/product/windows-10-pro-retail/,https://pcgameskey.com/wp-content/uploads/thumbs_dir/Screenshot_27-ezgif.com-png-to-webp-converter-226g0udn44kndwzyse8ln8h9h9yqgjc82fkj2aishw10.webp,Us$ 3.29,Buy Windows 10 Pro Retail Key for the best price at Pcgameskey. Order now and we will send you the product key directly via e-mail. This is a one-time license and the activation key is only valid for installation on 1 PC.,Operating Systems
Office 2016 Home and Student Key,https://pcgameskey.com/product/office-2016-home-and-student-key/,https://pcgameskey.com/wp-content/uploads/thumbs_dir/Screenshot_24-ezgif.com-png-to-webp-converter-22fflqmphfx7ws6gwecjdf1pem6rjoq0s03osevtz5no.webp,Us$ 3.79,Buy Office 2016 Home and Student Key for the best price. Order now and we will send you the Office 2016 Home and Student product key directly via e-mail. This is a one-time license and the activation key is only valid for installation on 1 PC.,Office Software
Windows 10 Pro Oem Key,https://pcgameskey.com/product/windows-10-pro-oem/,https://pcgameskey.com/wp-content/uploads/thumbs_dir/Screenshot_27-ezgif.com-png-to-webp-converter-226g070wcznch0g40jl6oa9f6tzmdiiedin8jhgz2pgk.webp,Us$ 3.29,Buy Windows 10 Pro Oem Key for the best price at Pcgameskey. Order now and we will send you the product key directly via e-mail. This is a one-time license and the activation key is only valid for installation on 1 PC.,Operating Systems
Windows 11 Pro Retail Key,https://pcgameskey.com/product/windows-11-pro-retail/,https://pcgameskey.com/wp-content/uploads/thumbs_dir/windows11pro-ezgif.com-png-to-webp-converter-1-1-229y4psbzaeqhbbd0yhctneg6afyt6g8qz2fy58ldug4.webp,Us$ 3.49,Buy Windows 11 Pro Retail Key for the best price at Pcgameskey. Order now and we will send you the Windows 11 Pro Retail product key directly via e-mail. This is a one-time license and the activation key is only valid for installation on 1 PC.,Operating Systems
Office 365 Pro Plus 5 Devices 100 GB,https://pcgameskey.com/product/office-365-professional-plus-lifetime-5-devices/,https://pcgameskey.com/wp-content/uploads/thumbs_dir/admin-ajax-6-21lptkfhp9gidlpj6hr3qvabshnykzccx2t0cgv4ly78.webp,Us$ 3.79,"Lifetime NO MONTHLY FEES Word, Excel, Powerpoint, OneNote, Outlook, Publisher & Access Included INSTANT DELIVERY",Office Software
Windows 11 Pro Oem Key,https://pcgameskey.com/product/windows-11-pro-oem/,https://pcgameskey.com/wp-content/uploads/thumbs_dir/windows11pro-ezgif.com-png-to-webp-converter-1-1-229y4srdtkrh0xklj1dmo1dfo5zr6339qggaowv2npt0.webp,Us$ 3.49,Buy Windows 11 Pro Oem Key for the best price at Pcgameskey. Order now and we will send you the Windows 11 Pro Oem product key directly via e-mail. This is a one-time license and the activation key is only valid for installation on 1 PC.,Operating Systems
Office 2019 Professional Plus Key,https://pcgameskey.com/product/office-2019-professional-plus/,https://pcgameskey.com/wp-content/uploads/thumbs_dir/Screenshot_14-ezgif.com-png-to-webp-converter-226b4rnrcv035xrj4u8jg6f7095924bu68hoen2tu9gk.webp,Us$ 5.49,Buy Office 2019 Professional Plus Key for the best price at Pcgameskey. Order now and we will send you the Office 2019 Professional Plus product key directly via e-mail. This is a one-time license and the activation key is only valid for installation on 1 PC.,Office Software
Windows 7 Ultimate Key,https://pcgameskey.com/product/windows-7-ultimate-key/,https://pcgameskey.com/wp-content/uploads/thumbs_dir/Screenshot_31-ezgif.com-png-to-webp-converter-1-22fphycv6y9xnf7yh6b3636vxczkyl4zsbnmframr52c.webp,Us$ 3.49,Buy Windows 7 Ultimate Key for the best price at Pcgameskey. Order now and we will send you the Windows 7 Ultimate product key via e-mail. The activation key is only valid for installation on 1 PC.,Operating Systems
Windows 10 Home Retail Key,https://pcgameskey.com/product/windows-10-home/,https://pcgameskey.com/wp-content/uploads/thumbs_dir/Screenshot_11-ezgif.com-resize-226fu7wnu8e772h0y8hp2nbniergqd46aj8togn1j5no.webp,Us$ 3.39,Buy Windows 10 Home Retail Key for the best price at Pcgameskey. Order now and we will send you the product key directly via e-mail. This is a one-time license and the activation key is only valid for installation on 1 PC.,Operating Systems
Office 2021 Professional Plus Cd Key Phone activation,https://pcgameskey.com/product/office-2021-professional-plus-cd-key-phone-activation/,https://pcgameskey.com/wp-content/uploads/thumbs_dir/Screenshot_17-ezgif.com-png-to-webp-converter-226b6emi7l6t1l57q6w3x3diz4babbg9bscam3mqf9lw.webp,Us$ 4.29,"Buy Office 2021 Professional Plus Key for the best price at Pcgameskey. Order now and we will send you the product key directly via e-mail. This is a one-time license and the activation key is only valid for installation on 1 PC. It includes classic versions of Word, Excel, PowerPoint, and Outlook, as well as Publisher, OneNote, Skype for Business, and Access.",Office Software
Windows 11 Home Retail Key,https://pcgameskey.com/product/windows-11-home/,https://pcgameskey.com/wp-content/uploads/thumbs_dir/Screenshot_28-ezgif.com-png-to-webp-converter-226g20vouhc5wnlcb3tz0z75soi51ove939kbp5jvnms.webp,Us$ 3.49,Buy Windows 11 Home Retail Key for the best price at Pcgameskey. Order now and we will send you the Windows 11 Home Retail product key directly via e-mail. This is a one-time license and the activation key is only valid for installation on 1 PC.,Operating Systems
Windows Server 2019 Standard Key,https://pcgameskey.com/product/windows-server-2019-standard-key/,https://pcgameskey.com/wp-content/uploads/thumbs_dir/Screenshot_33-ezgif.com-png-to-webp-converter-226gcy4jv1vtkzykodpcr4qq5b3fof4c0eziujhlcy1w.webp,Us$ 4.29,Buy Windows Server 2019 Standard Key for the best price at Pcgameskey. Order now and we will send you the product key directly via e-mail. This is a one-time license and the activation key is only valid for installation on 1 PC.,Server Software
Office 2019 Pro Plus Cd Key Phone Activation,https://pcgameskey.com/product/office-2019-pro-plus-cd-key-phone-activation/,https://pcgameskey.com/wp-content/uploads/thumbs_dir/officee2021-ezgif.com-resize-22pejujk0200qhqc9449n6j94dgfpca3q0ra5udfs95w.webp,Us$ 3.49,Buy Office 2019 Professional Plus Key for the best price at Pcgameskey. Order now and we will send you the Office 2019 Professional Plus product key directly via e-mail. This is a one-time license and the activation key is only valid for installation on 1 PC.,Office Software
Windows 11 Enterprise Key,https://pcgameskey.com/product/windows-11-enterprise-key/,https://pcgameskey.com/wp-content/uploads/thumbs_dir/Screenshot_27-ezgif.com-png-to-webp-converter-1-22fg1xbie3avklyqx8jvk3oa6743jzbx8c581pajgmec.webp,Us$ 3.99,Buy Windows 11 Enterprise for the best price at Pcgameskey. Order now and we will send you the activation key for Windows 11 Enterprise licence directly via e-mail. This is a one-time licence and the activation key is only valid for installation on 1 PC.,Operating Systems
Need for Speed Heat EA App Key,https://pcgameskey.com/product/need-for-speed-heat-ea-key-global/,https://pcgameskey.com/wp-content/uploads/thumbs_dir/MV5BN2MxMjk0MTMtNTFhYS00ZDkyLWJmN2EtNWZmZGEyNjY0MDE4XkEyXkFqcGdeQXVyMzc1MzYxMjc._V1_-ezgif.com-jpg-to-webp-converter-22kaewam9vwru78uqwcz70ep3a4da7i947an1q00fmn8.webp,Us$ 3.79,"Need for Speed Heat is the newest addition to the legendary racing video game series, developed by Ghost Games and published by Electronic Arts. Scheduled for release on November 8, 2019, this twenty-fourth instalment promises exhilarating racing action with a mix of high-speed chases and intense street races. Global Can be activated Globally Exception if any check description EA App Can be activated on EA App Activation tutorial Digital Key Digital edition (CD-KEY) Delivered on email",Games | Action/Combat
Windows Server 2022 Standard Key,https://pcgameskey.com/product/windows-server-2022-standard/,https://pcgameskey.com/wp-content/uploads/thumbs_dir/Screenshot_34-ezgif.com-png-to-webp-converter-226gdsfy8tanmkizcwp48jvbcttkb4kgsidg6nnr4pd0.webp,Us$ 4.49,Buy Windows Server 2022 Standard Key for the best price at Pcgameskey. Order now and we will send you the product key directly via e-mail. This is a one-time license and the activation key is only valid for installation on 1 PC.,Server Software
Naruto to Boruto Shinobi Striker Steam Key,https://pcgameskey.com/product/naruto-to-boruto-shinobi-striker-steam-key-global/,https://pcgameskey.com/wp-content/uploads/thumbs_dir/ezgif.com-gif-maker-10-202yl9s6qa433atjg9ohpcwntdsu4or2m0myi7t41d2c.webp,Us$ 3.79,"Naruto to Boruto Shinobi Striker offers an exciting team-based combat experience where you battle as a team of 4 to compete against other teams online! The game features a completely new graphic style, built from the ground up to enhance the visual experience. Lead your team and fight online to prove who the best ninjas are! Global Can be activated Globally Exception if any check description Steam Can be activated on Steam Activation tutorial Digital Key Digital edition (CD-KEY) Delivered on email",Games | Action/Combat
Windows 11 Home Oem Key,https://pcgameskey.com/product/windows-11-home-oem-key/,https://pcgameskey.com/wp-content/uploads/thumbs_dir/Screenshot_28-ezgif.com-png-to-webp-converter-1-22feayyvbrsevgyqz4wqk7kw3tunkvmnzeqy1nivr3ac.webp,Us$ 3.39,Buy Windows 11 Home Oem Key for the best price at Pcgameskey. Order now and we will send you the Windows 11 Home Oem product key directly via e-mail. This is a one-time license and the activation key is only valid for installation on 1 PC.,Operating Systems
Windows Server 2016 Standard Key,https://pcgameskey.com/product/windows-server-2016-standard-key/,https://pcgameskey.com/wp-content/uploads/thumbs_dir/Screenshot_28-ezgif.com-png-to-webp-converter-1-1-22fuh0zx6we8dqoyp7mjbfcjn2fsu3r5jswapp3wtp44.webp,Us$ 2.99,Buy Windows Server 2016 Standard Key for the best price at Pcgameskey. Order now and we will send you the Windows Server 2016 Standard product key via e-mail. The activation key is only valid for installation on 1 PC.,Server Software
Total War Empire Definitive Edition Steam Key,https://pcgameskey.com/product/total-war-empire-definitive-edition-steam-key/,https://pcgameskey.com/wp-content/uploads/thumbs_dir/ezgif.com-gif-maker-73-20go11zwci1iy1epxf5qm27jleka85i5qecs19th8bc4.webp,Us$ 4.84,"A new detailed North American Campaign Map expands the Total War: EMPIRE experience, with 5 brand new Native American factions, new units and technologies. Experience battles in the new Warpath Campaign and lead one of the 5 new factions in an epic war to defend your lands and drive out the invaders. Or take these units and their unique strengths into multiplayer battles. Global Can be activated Globally Exception if any check description Steam Can be activated on Steam Activation tutorial Digital Key Digital edition (CD-KEY) Delivered on email",Games | Action/Combat
Windows 10 Enterprise 2021 LTSC Key,https://pcgameskey.com/product/windows-10-enterprise-2021-ltsc-key/,https://pcgameskey.com/wp-content/uploads/thumbs_dir/Screenshot_1-ezgif.com-jpg-to-webp-converter-2367o41k8oxw6hvvbu9379pxqx8w1ssikpizoslpz810.webp,Us$ 5.99,Buy Windows 10 Enterprise 2021 LTSC Key for the best price at Pcgameskey. Order now and we will send you the product key directly via e-mail.,Operating Systems
Office 2024 Professional Plus Key,https://pcgameskey.com/product/office-2024-professional-plus-key/,https://pcgameskey.com/wp-content/uploads/thumbs_dir/Office-2024-Professional-plus-2-ezgif.com-censor-2367qnn9cq1ah9u58m0jbrfrwc2249ki7ex2u518g6ec.webp,Us$ 14.99,Buy Office 2024 Professional Plus Key for the best price at Pcgameskey. Order now and we will send you the product key directly via e-mail.,Office Software
Visio 2021 Professional Key,https://pcgameskey.com/product/visio-2021-professional/,https://pcgameskey.com/wp-content/uploads/thumbs_dir/Screenshot_25-ezgif.com-png-to-webp-converter-226fs67vrsenqob69ev0n6d2mcnjy1k2xvus89y2u25g.webp,Us$ 4.49,Buy Visio 2021 Professional Key for the best price at Pcgameskey. Order now and we will send you the Visio 2021 Professional product key directly via e-mail. This is a one-time license and the activation key is only valid for installation on 1 PC.,Office Software
Risk of Rain 2 Steam Key,https://pcgameskey.com/product/risk-of-rain-2-steam-key-global/,https://pcgameskey.com/wp-content/uploads/thumbs_dir/ezgif.com-gif-maker-22-203rkgv2qn8tqs68vf6j7r8hlep2k0ucyroyq8qpj4v8.webp,Us$ 5.74,Escape a chaotic alien planet by fighting through hordes of frenzied monsters with your friends or on your own. Combine loot in surprising ways and master each character until you become the havoc you feared upon your first crash landing. Global Can be activated Globally Exception if any check description Steam Can be activated on Steam Activation tutorial Digital Key Digital edition (CD-KEY) Delivered on email,Games
Roblox 400 Robux Key,https://pcgameskey.com/product/roblox-400-robux-key/,https://pcgameskey.com/wp-content/uploads/thumbs_dir/ezgif.com-gif-maker-13-1097x1536-1-206z2oqgrkqitsof1w3n8nm53uhe77wpfesu6yplbgbo.webp,Us$ 6.99,"Unlock exclusive virtual rewards by redeeming a Roblox gift card! With Robux, you can enhance your avatar’s appearance and gain additional perks while playing your favourite games. Dive into a world of endless possibilities and customization options today!",Digital Currency/DLC
Resident Evil 6 Steam Key,https://pcgameskey.com/product/resident-evil-6-steam-key-global/,https://pcgameskey.com/wp-content/uploads/thumbs_dir/ezgif.com-gif-maker-3-4-201ibgz1onbvrcd3lxi3efununhxoa2nhwanm3q4l9pg.webp,Us$ 3.69,"Blending elements of action and survival horror, Resident Evil 6 sets out to deliver an intense and dramatic horror experience, making it a standout title of 2013. Global Can be activated Globally Exception if any check description Steam Can be activated on Steam Activation tutorial Digital Key Digital edition (CD-KEY) Delivered on email",Games | Action/Combat
Windows 10 Home Oem Key,https://pcgameskey.com/product/windows-10-home-oem-key/,https://pcgameskey.com/wp-content/uploads/thumbs_dir/Screenshot_11-ezgif.com-resize-1-22fbjgo6he8io928h8fwljk6e0rc9it71k0w67ye0o6c.webp,Us$ 3.39,Buy Windows 10 Home Oem Key for the best price at Pcgameskey. Order now and we will send you the product key directly via e-mail. This is a one-time license and the activation key is only valid for installation on 1 PC.,Operating Systems
Dead by Daylight Steam Key,https://pcgameskey.com/product/dead-by-daylight-steam-key-global/,https://pcgameskey.com/wp-content/uploads/thumbs_dir/ezgif-2-c534d8cfbc-201wdk4dhi8isx23rkhv4wn9wr8qnuaqnwpf2upqy2qs.webp,Us$ 11.99,"Immerse yourself in Little Nightmares, a dark whimsical tale that will confront you with your childhood fears! Help Six escape The Maw, a vast, mysterious vessel inhabited by corrupted souls looking for their next meal.",Games
Windows Server 2025 Standard Key,https://pcgameskey.com/product/windows-server-2025-standard-key/,https://pcgameskey.com/wp-content/uploads/thumbs_dir/Screenshot_11-ezgif.com-jpg-to-webp-converter-22pis3wriavljntokg4wjgnwxrq55h430306la3hstb8.webp,Us$ 5.49,"Windows Server 2025 Standard Key. Designed for businesses that demand reliable performance, advanced security, and seamless integration, this server solution is perfect for IT administrators looking to streamline their operations and maximize efficiency.",Server Software
Project 2021 Professional Key,https://pcgameskey.com/product/project-2021-professional/,https://pcgameskey.com/wp-content/uploads/thumbs_dir/Screenshot_28-ezgif.com-png-to-webp-converter-2-1-22fu77a22e9coinvckg94mjw3yu4fmecznhiphs5gaxw.webp,Us$ 4.99,Buy Project 2021 Professional Key for the best price at Pcgameskey. Order now and we will send you the Project 2021 Professional product key directly via e-mail. This is a one-time license and the activation key is only valid for installation on 1 PC.,Office Software
Office 2021 Professional Plus Key,https://pcgameskey.com/product/office-2021-professional-plus/,https://pcgameskey.com/wp-content/uploads/thumbs_dir/Screenshot_17-ezgif.com-png-to-webp-converter-226b6emi7l6t1l57q6w3x3diz4babbg9bscam3mqf9lw.webp,Us$ 7.99,"Buy Office 2021 Professional Plus Key for the best price at Pcgameskey. Order now and we will send you the product key directly via e-mail. This is a one-time license and the activation key is only valid for installation on 1 PC. It includes classic versions of Word, Excel, PowerPoint, and Outlook, as well as Publisher, OneNote, Skype for Business, and Access.",Office Software
Office 2016 Professional Plus Key,https://pcgameskey.com/product/office-2016-professional-plus-key/,https://pcgameskey.com/wp-content/uploads/thumbs_dir/Screenshot_22-ezgif.com-png-to-webp-converter-22ffh64y9fo1h0tekx8tr2k1g6pj4nkztdxpsznq81no.webp,Us$ 4.49,Buy Office 2016 Professional Plus Key for the best price at Pcgameskey. Order now and we will send you the Office 2016 product key directly via e-mail. This is a one-time license and the activation key is only valid for installation on 1 PC.,Office Software
Windows 10 Enterprise 2019 LTSC Key,https://pcgameskey.com/product/windows-10-enterprise-2019-ltsc-key/,https://pcgameskey.com/wp-content/uploads/thumbs_dir/windows-10-enterprise-ltcs-2019-1-238zn0agqbzfsbgtrjrr9wx5sz8h7g2ht6jo3hmk95k4.png,Us$ 5.49,Buy Windows 10 Enterprise 2019 LTSC Key for the best price at Pcgameskey. Order now and we will send you the product key directly via e-mail.,Operating Systems
Project 2019 Professional Key,https://pcgameskey.com/product/project-2019-professional-key/,https://pcgameskey.com/wp-content/uploads/thumbs_dir/Screenshot_21-ezgif.com-png-to-webp-converter-22ffdqjsuuiux6jl7x5nn8ern2w0f9l0zy8gur9n0tic.webp,Us$ 4.49,Buy Project 2019 Professional Key for the best price at Pcgameskey. Order now and we will send you the Project 2019 product key directly via e-mail. This is a one-time license and the activation key is only valid for installation on 1 PC.,Office Software
Windows Server 2016 Datacenter Key,https://pcgameskey.com/product/windows-server-2016-datacenter-key/,https://pcgameskey.com/wp-content/uploads/thumbs_dir/Screenshot_29-ezgif.com-png-to-webp-converter-1-22fuhwu5hqh5hgihqig01dxaqkn37m7o07tm1h35apgk.webp,Us$ 2.99,Buy Windows Server 2016 Datacenter Key at the best price at Pcgameskey. Order now and we will send you the Windows Server 2016 Datacenter product key via e-mail. The activation key is only valid for installation on 1 PC.,Server Software
PlayStation Network Card 10 USD (USA) PSN Key,https://pcgameskey.com/product/playstation-network-card-10-usd-usa-psn-key/,https://pcgameskey.com/wp-content/uploads/thumbs_dir/ezgif.com-gif-maker-1-2-214fq7rvd70s8j0s5lx266mf0aornnxxlhnnnl1nnn8k.webp,Us$ 9.09,"With just a few clicks, you can purchase the PlayStation Gift Card (10 PSN card) and dive into a world of new experiences. And there are certainly more than a few fantastic perks that come with this digital PSN card purchase.",Games
Command & Conquer 4 Tiberian Twilight EA App Key,https://pcgameskey.com/product/command-conquer-4-tiberian-twilight-ea-key-global/,https://pcgameskey.com/wp-content/uploads/thumbs_dir/ezgif.com-gif-maker-56-1-205i8etp1x4m7vufoxd2qy6be8vshhi5pbhd3bpyihr8.webp,Us$ 6.29,"Behold, disciples of Nod, for the end is near. Electronic Arts’ award-winning and best-selling Tiberium saga reaches a powerful conclusion with Command & Conquer 4, bringing a multitude of innovations to the classic fast-paced C&C gameplay while preserving the core elements that fans have loved throughout the series’ history. Global Can be activated Globally Exception if any check description EA App Can be activated on EA App Activation tutorial Digital Key Digital edition (CD-KEY) Delivered on email",Games
Totally Accurate Battle Simulator Steam Key,https://pcgameskey.com/product/totally-accurate-battle-simulator-steam-key-global/,https://pcgameskey.com/wp-content/uploads/thumbs_dir/ezgif.com-gif-maker-38-20212io6wvh2poq6zevmyfkhzudag20dlmjad6if9084.webp,Us$ 4.89,"Lead wobblers from ancient lands, spooky realms, and fantasy worlds in epic battles powered by the wobbliest physics engine ever created. Create your own unique wobblers using the unit creator, then send your army to clash with friends in multiplayer mode. Get ready for chaotic fun in Totally Accurate Battle Simulator! Global Can be activated Globally Exception if any check description Steam Can be activated on Steam Activation tutorial Digital Key Digital edition (CD-KEY) Delivered on email",Games | Action/Combat
Windows 10 Pro for Workstations Key,https://pcgameskey.com/product/windows-10-pro-for-workstations-key/,https://pcgameskey.com/wp-content/uploads/thumbs_dir/Screenshot_30-ezgif.com-png-to-webp-converter-1-22fpdqx39v6mkwvxhguj0demfy602gnsm63u8af65lyc.webp,Us$ 7.49,Buy Windows 10 Pro for Workstations Key for the best price at Pcgameskey. Order now and we will send you the Windows 10 Pro for Workstations product key via e-mail. The activation key is only valid for installation on 1 PC.,Operating Systems
Windows Server 2022 RDS Device 50 CALs,https://pcgameskey.com/product/windows-server-2022-rds-device-50-cal/,https://pcgameskey.com/wp-content/uploads/thumbs_dir/Screenshot_31-ezgif.com-png-to-webp-converter-226gap426ohl4kj51jyonq8oxp7uow19qso8e9pxo484.webp,Us$ 14.99,Buy Windows Server 2022 RDS Device 50 CALs Key for the best price at Pcgameskey. Order now and we will send you the product key directly via e-mail. This is a one-time license and the activation key is only valid for installation on 1 PC.,Server Software
Mass Effect 2 EA App Key,https://pcgameskey.com/product/mass-effect-2-ea-key/,https://pcgameskey.com/wp-content/uploads/thumbs_dir/ezgif.com-gif-maker-61-20998bnd4cbbihbvxyev9ffhoc7vhbmmezd0fjbqc678.webp,Us$ 0.59,"Mass Effect 2 catch up to what happened after the events of the first game. After being engaged by an unknown enemy Commander Shepard has been dead for 2 years, however, a shady pro-human organization called Cerberus led by the mysterious Illusive Man brings Shepard back to life with the help of the Lazarus Project Global Can be activated Globally Exception if any check description EA App Can be activated on EA App Activation tutorial Digital Key Digital edition (CD-KEY) Delivered on email",Games
Grand Theft Auto V Premium Edition Rockstar Social Club,https://pcgameskey.com/product/grand-theft-auto-v-premium-online-edition-rockstar-social-club/,https://pcgameskey.com/wp-content/uploads/thumbs_dir/ezgif.com-gif-maker-20-2011mhh06mt6fs4rf67rxi1tn27oehsrnt6a0g7itrvo.webp,Us$ 11.99,"Immerse yourself in the vast world of Los Santos and Blaine County with Grand Theft Auto V for PC. Known for its rich detail and captivating gameplay, players can explore this immersive world in stunning resolutions of up to 4k and beyond. Experience seamless and fluid gameplay with a smooth frame rate of 60 frames per second, enhancing immersion and enjoyment throughout your adventure. Global Can be activated Globally Exception check description Rockstar Activation on Rockstar Activation tutorial Digital Key Digital edition (CD-KEY) Delivered on email",Games | RPG/Adventure
Windows Server 2022 Datacenter,https://pcgameskey.com/product/windows-server-2022-datacenter/,https://pcgameskey.com/wp-content/uploads/thumbs_dir/Screenshot_30-ezgif.com-png-to-webp-converter-226ga3fdcc78f5qf1en86pbp3fiym2zagio6c8gj7g4k.webp,Us$ 4.49,Buy Windows Server 2022 Datacenter Key for the best price at Pcgameskey. Order now and we will send you the Windows Server 2022 Datacenter product key directly via e-mail. This is a one-time license and the activation key is only valid for installation on 1 PC.,Server Software
Windows 8.1 Pro Key,https://pcgameskey.com/product/windows-8-1-pro-key/,https://pcgameskey.com/wp-content/uploads/thumbs_dir/Screenshot_25-ezgif.com-png-to-webp-converter-1-22fg3hqvdp1gcol89atxys7obr5j8i3plcrixq5zjjhg.webp,Us$ 3.29,Buy Windows 8.1 Pro for the best price at Pcgameskey. Order now and we will send you the activation key for Windows 8.1 licence directly via e-mail. This is a one-time licence and the activation key is only valid for installation on 1 PC.,Operating Systems
Visio 2019 Professional Key,https://pcgameskey.com/product/visio-professional-2019/,https://pcgameskey.com/wp-content/uploads/thumbs_dir/Screenshot_26-ezgif.com-png-to-webp-converter-226ft3ai097xludstmho2womhgpvjji1lzjslhrphso4.webp,Us$ 3.79,Buy Visio 2019 Professional Key for the best price at Pcgameskey. Order now and we will send you the product key directly via e-mail. This is a one-time license and the activation key is only valid for installation on 1 PC.,Office Software
Windows Server 2025 Datacenter Key,https://pcgameskey.com/product/windows-server-2025-datacenter-key/,https://pcgameskey.com/wp-content/uploads/thumbs_dir/Screenshot_12-ezgif.com-jpg-to-webp-converter-22pitrdsc1ycg0yem22df83mvapwblwmpqp9gml3a8h0.webp,Us$ 5.49,"Windows Server 2025 Datacenter Key. Designed for businesses that demand reliable performance, advanced security, and seamless integration, this server solution is perfect for IT administrators looking to streamline their operations and maximize efficiency.",Server Software
Windows Server 2019 Datacenter Key,https://pcgameskey.com/product/windows-server-2019-datacenter-key/,https://pcgameskey.com/wp-content/uploads/thumbs_dir/Screenshot_32-ezgif.com-png-to-webp-converter-1-22fpxq16wfx1ft81koisvg3undcwwxsakxe1i3lllzl0.webp,Us$ 4.49,Buy Windows Server 2019 Datacenter key for the best price at Pcgameskey. Order now and we will send you the Windows Server 2019 Datacenter product key via e-mail. The activation key is only valid for installation on 1 PC.,Server Software
LEGO Indiana Jones The Original Adventures Steam Key,https://pcgameskey.com/product/lego-indiana-jones-the-original-adventures-steam-key/,https://pcgameskey.com/wp-content/uploads/thumbs_dir/MV5BNzJhZDQ3MzgtMWE3MS00M2U0LWI4MDUtN2UxZmE3MDIxZDYxXkEyXkFqcGc._V1_FMjpg_UX1000_-ezgif.com-jpg-to-webp-converter-22x62mr9b1exylxu18f7fk3jfaba9gcpiecc0a99w8kk.webp,Us$ 1.59,"Build, battle, and brawl your way through adventure as you play through all three classic Indiana Jones movies, reliving your favorite moments in the humorous and action-packed world of LEGO. Explore iconic locations, battle enemies, solve puzzles, and hunt for the world’s greatest treasures, all while enjoying LEGO’s signature tongue-in-cheek charm. Global Can be activated Globally Exception if any check description Steam Can be activated on Steam Activation tutorial Digital Key Digital edition (CD-KEY) Delivered on email",Games | RPG/Adventure
Grand Theft Auto V Enhanced Edition,https://pcgameskey.com/product/grand-theft-auto-v-enhanced-edition/,https://pcgameskey.com/wp-content/uploads/thumbs_dir/fc92a79b-41d9-4cc1-8997-d5f993f13579_3240220-ezgif.com-resize-23ba0jsxwdptw9qwdr3ormx2ogw7c4m917qqv2aq1x7o.webp,Us$ 11.99,"When a young street hustler, a retired bank robber, and a terrifying psychopath find themselves entangled with some of the most frightening and deranged elements of the criminal underworld, the U.S. government, and the entertainment industry, they must pull off a series of dangerous heists to survive in a ruthless city in which they can trust nobody least of all each other. Global Can be activated Globally Exception check description Rockstar Activation on Rockstar Activation tutorial Digital Key Digital edition (CD-KEY) Delivered on email",Software
Cyberpunk 2077 Gog Key,https://pcgameskey.com/product/cyberpunk-2077-gog-key-global/,https://pcgameskey.com/wp-content/uploads/thumbs_dir/ezgif.com-gif-maker-24-201wclylb4nrbn8e3dka8sflu84g3rmsifmk5b12cvhg.webp,Us$ 31.99,"Cyberpunk 2077 is an expansive action-adventure story set in Night City, a sprawling metropolis fixated on power, luxury, and body augmentation. Players assume the role of V, a mercenary outlaw on a quest to obtain a unique implant that promises immortality",Games | RPG/Adventure
Cozy Grove Steam Key,https://pcgameskey.com/product/cozy-grove-steam-key/,https://pcgameskey.com/wp-content/uploads/thumbs_dir/ezgif.com-gif-maker-3-213837bzalym2izy2q52nv1z0hohowmw4elfxvwwfpt0.webp,Us$ 16.29,"Welcome to Cozy Grove, a game about camping on a haunted, ever-changing island. As a Spirit Scout, you’ll wander the island’s forest each day, finding new hidden secrets and helping soothe the local ghosts. Global Can be activated Globally Exception if any check description Steam Can be activated on Steam Activation tutorial Digital Key Digital edition (CD-KEY) Delivered on email",Games
Cities Skylines Steam Key,https://pcgameskey.com/product/cities-skylines-steam-key-global/,https://pcgameskey.com/wp-content/uploads/thumbs_dir/ezgif.com-gif-maker-1-3-201mfbpznlobnbcuehgfqgiaf9zgahnxf5gdb3hd9tus.webp,Us$ 7.24,Cities Skylines is a modern take on the classic city simulation. The game introduces new game play elements to realize the thrill and hardships of creating and maintaining a real city whilst expanding on some well-established tropes of the city building experience. Global Can be activated Globally Exception if any check description Steam Can be activated on Steam Activation tutorial Digital Key Digital edition (CD-KEY) Delivered on email,Games | Strategy/Simulation
7 Days to Die Steam Key,https://pcgameskey.com/product/7-days-to-die/,https://pcgameskey.com/wp-content/uploads/thumbs_dir/MV5BNzVlMDdmZGItOTlhOC00YWZjLTg3MTYtNmM3Zjk0ODc1ODk1XkEyXkFqcGdeQXVyMTk2OTAzNTI._V1_FMjpg_UX1000_-ezgif.com-resize-2253qoqg4n2pq2p8bz1q98fy1kipgt0ez3gb6lc8vk9w.webp,Us$ 20.99,"7 Days to Die is a game set in an open world that blends elements of first-person shooter, survival horror, tower defence, and role-playing games. Dive into the original zombie survival sandbox RPG experience. Navezgane awaits! Global Can be activated Globally Exception if any check description Steam Can be activated on Steam Activation tutorial Digital Key Digital edition (CD-KEY) Delivered on email",Games | RPG/Adventure
Hitman Absolution Steam Key,https://pcgameskey.com/product/hitman-absolution-steam-key-global/,https://pcgameskey.com/wp-content/uploads/thumbs_dir/ezgif.com-gif-maker-3-3-201mctcoh7ba3zno0mi6bqj91h1bg0de04tz76w8zlno.webp,Us$ 1.29,"Experience the return of the original assassin in Hitman Absolution. Agent 47, betrayed by the Agency and relentlessly pursued by law enforcement, embarks on a quest for redemption in a world rife with corruption and deceit. Global Can be activated Globally Exception if any check description Steam Can be activated on Steam Activation tutorial Digital Key Digital edition (CD-KEY) Delivered on email",Games
Assassin’s Creed Syndicate Uplay Key,https://pcgameskey.com/product/assassins-creed-syndicate-uplay-key/,https://pcgameskey.com/wp-content/uploads/thumbs_dir/ezgif.com-gif-maker-19-1-201w4r12en543vcx4xvj9rjvzehf9eksolww32rgjc6c.webp,Us$ 6.49,"In the midst of the Industrial Revolution’s upheaval in 1868 London, assume leadership of your underworld organization. Expand its influence to counter the exploitation of the less privileged. Global Can be activated Globally Exception check description Ubisoft Connect Activation on Ubisoft Activation tutorial Digital Key Digital edition (CD-KEY) Delivered on email",Games
Darksiders Genesis Steam Key,https://pcgameskey.com/product/darksiders-genesis-steam-key/,https://pcgameskey.com/wp-content/uploads/thumbs_dir/ezgif.com-gif-maker-72-20gnvohqo83astzcnsmkur9fh5mhj3s6kj9hzq9a0sx0.webp,Us$ 5.79,"Darksiders Genesis serves as a pivotal link to the next instalment in the Darksiders franchise, which originated in 2010. Developed by Airship Syndicate and published by THQ Nordic, this latest title acts as both a spin-off and a prequel to the original game, offering players essential backstory and setting the stage for the series’ future. Global Can be activated Globally Exception if any check description Steam Can be activated on Steam Activation tutorial Digital Key Digital edition (CD-KEY) Delivered on email",Games
PlateUp! Steam Key,https://pcgameskey.com/product/plateup-steam-key/,https://pcgameskey.com/wp-content/uploads/thumbs_dir/541_646471ca4bbf7-ezgif.com-png-to-webp-converter-22e8va3evm7ar28pj2ssys346hczcyyp3tfmz9qtay5g.webp,Us$ 3.49,"Cook and serve your dishes, design and decorate your restaurants, and expand your culinary kingdom with new unlocks, abilities, and dishes in procedurally generated locations. Classic cooking action with permanent roguelite progression. Hire your friends or do it all yourself! Global Can be activated Globally Exception if any check description Steam Can be activated on Steam Activation tutorial Digital Key Digital edition (CD-KEY) Delivered on email",Games | Action/Combat
Among Us Steam Key,https://pcgameskey.com/product/among-us-steam-key/,https://pcgameskey.com/wp-content/uploads/thumbs_dir/MV5BODI3ODMyZTgtZDdjYS00ZGRlLTg5YjMtNDY2ZjZlODg2NzYyXkEyXkFqcGc._V1_FMjpg_UX1000_-ezgif.com-jpg-to-webp-converter-23ehvzw6ihq3m8sw5vzbmscjbp1r4mbde2kspw4ehe90.webp,Us$ 2.99,An online and local party game of teamwork and betrayal for 4-15 players…in space! Global Can be activated Globally Exception if any check description Steam Can be activated on Steam Activation tutorial Digital Key Digital edition (CD-KEY) Delivered on email,Games
Overcooked 2 Steam Key,https://pcgameskey.com/product/overcooked-2-steam-key/,https://pcgameskey.com/wp-content/uploads/thumbs_dir/MV5BOTBlOWIyNDctMzg4MC00YTMxLTk3NDEtYjhmYTI2MGMyNTc3XkEyXkFqcGdeQXVyMTA0MTM5NjI2._V1_FMjpg_UX1000_-ezgif.com-jpg-to-webp-converter-223esut2hxajwjgms1ik8igx3kvavqlqpdo9hfyhtz6s.webp,Us$ 3.99,"Overcooked is back with a new round of chaotic cooking adventures! Return to the Onion Kingdom, gather your team of chefs, and play together on the couch or online with up to four players. Prepare to put on your aprons again and set off on a quest to rescue the world! Global Can be activated Globally Exception if any check description Steam Can be activated on Steam Activation tutorial Digital Key Digital edition (CD-KEY) Delivered on email",Games | RPG/Adventure
Max Payne 3 The Complete Edition Rockstar Social club,https://pcgameskey.com/product/max-payne-3-the-complete-edition/,https://pcgameskey.com/wp-content/uploads/thumbs_dir/ezgif.com-gif-maker-5-4-201i8u18r0yl1kwk5r2qa3j4sw4bldqz1x23j7ps7aec.webp,Us$ 5.89,"Max Payne 3 is a third-person shooter (TPP) and the third installment of the critically acclaimed game series. This time, the game is developed by the Canadian division of Rockstar Games. Global Can be activated Globally Exception check description Rockstar Activation on Rockstar Activation tutorial Digital Key Digital edition (CD-KEY) Delivered on email",Games | Action/Combat
Soulslinger Envoy of Death Steam Key,https://pcgameskey.com/product/soulslinger-envoy-of-death-steam-key/,https://pcgameskey.com/wp-content/uploads/thumbs_dir/MV5BMThhM2VkMTAtMTQ4My00MDJhLTlmYmQtN2ViZTc5ODUyYWY2XkEyXkFqcGdeQXVyMTY4NzM3Mjk4._V1_-ezgif.com-jpg-to-webp-converter-22hzdd1p72vbs5t6jiqaxkzcvue3p77n44cd52eyo9k4.webp,Us$ 2.09,"You are a gunslinger trapped in limbo, fighting a relentless battle against “The Cartel,” a merciless organization harvesting souls to escape the afterlife. In this rogue-lite FPS, you’ll grow stronger with every run, collecting the essence of fallen souls to face ever-greater threats. Survive the harsh trials, hone your skills, and take down The Cartel to free yourself from the chains of the beyond! Global Can be activated Globally Exception if any check description Steam Can be activated on Steam Activation tutorial Digital Key Digital edition (CD-KEY) Delivered on email",Games | Action/Combat
Little Nightmares II Steam key,https://pcgameskey.com/product/little-nightmares-ii-steam-key/,https://pcgameskey.com/wp-content/uploads/thumbs_dir/MV5BYTlhNTI3MTgtMDU2MC00YTVhLWIxMDktMjc3OWVlMzMyYThjXkEyXkFqcGdeQXVyODU0MzgyNDU._V1_FMjpg_UX1000_-ezgif.com-jpg-to-webp-converter-21mzasxok1gaa0qprs7zau2sy425n4gaupvyrgwcbiw4.webp,Us$ 9.49,"Little Nightmares II is a gripping suspense adventure game that casts you as Mono, a young boy ensnared in a twisted realm corrupted by a malevolent transmission. Teaming up with a newfound companion named Six, you embark on a perilous journey to uncover the origin of this sinister Transmission. Global Can be activated Globally Exception if any check description Steam Can be activated on Steam Activation tutorial Digital Key Digital edition (CD-KEY) Delivered on email",Games | RPG/Adventure
Windows Server 2012 R2 Standard Key,https://pcgameskey.com/product/windows-server-2012-r2-standard-key/,https://pcgameskey.com/wp-content/uploads/thumbs_dir/Screenshot_29-ezgif.com-png-to-webp-converter-22fp7step5pjceexboau8ffmoula96ltneecp1gmew6c.webp,Us$ 4.99,Buy Windows Server 2012 R2 Standard Key for the best price at Pcgameskey. Order now and we will send you the Windows Server 2012 R2 Standard product key via e-mail.,Server Software
Dying Light Bad Blood Steam Key,https://pcgameskey.com/product/dying-light-bad-blood-steam-key-global/,https://pcgameskey.com/wp-content/uploads/thumbs_dir/ezgif.com-gif-maker-54-205hwaa2cizope4ritlwpfq3n6b8tuizqlg7oyus8hus.webp,Us$ 1.39,"Step into a zombie-infested arena and vie for survival among 12 players, aiming to emerge as the sole survivor. Alternatively, join forces with others to form a team and combat the undead threat together.",Games | Action/Combat
Valheim Steam Key,https://pcgameskey.com/product/valheim-steam-key/,https://pcgameskey.com/wp-content/uploads/thumbs_dir/MV5BZGE4M2M3M2EtZDhjYi00NjlhLTk1MTQtNTk0YTBmZDYwNTRhXkEyXkFqcGc@._V1_-22i00e1gykq5nl50ss2frmsdwi43jt8otfhbg5pt0m04.jpg,Us$ 16.79,"Valheim is a brutal exploration and survival game for 1-10 players, set in a procedurally-generated purgatory inspired by Viking culture. Battle fearsome creatures, build mighty fortresses, and conquer the wilds to forge a saga worthy of Odin’s patronage! Global Can be activated Globally Exception if any check description Steam Can be activated on Steam Activation tutorial Digital Key Digital edition (CD-KEY) Delivered on email",Games | Action/Combat
Tiny Tina’s Wonderlands Steam Key,https://pcgameskey.com/product/tiny-tinas-wonderlands-steam-key/,https://pcgameskey.com/wp-content/uploads/thumbs_dir/MV5BYTFmMDJkZTUtYTA0Mi00ZTQyLWFmNGMtNjA5MmYzMGRhZDhiXkEyXkFqcGdeQXVyMTEzMTI1Mjk3._V1_-ezgif.com-jpg-to-webp-converter-22hzx22vd0sltfdht1np6ey644h5dobc9we8dov88xno.webp,Us$ 10.84,"Set off on an epic journey filled with whimsy, wonder, and powerful weaponry! Create your own multiclass hero, then shoot, loot, slash, and cast your way through a quest to defeat the Dragon Lord. Global Can be activated Globally Exception if any check description Steam Can be activated on Steam Activation tutorial Digital Key Digital edition (CD-KEY) Delivered on email",Games
The Surge 2 Steam Key,https://pcgameskey.com/product/the-surge-2-steam-key/,https://pcgameskey.com/wp-content/uploads/thumbs_dir/download-the-surge-2-offer-rtgax-ezgif.com-jpg-to-webp-converter-21rxzfx7ehabfv4wkqc7qv1pugwqtpi230zj1xu8u44k.webp,Us$ 3.69,"In a desperate bid to survive, explore the sprawling, devastated Jericho City. Face ferocious threats in brutal, unforgiving combat, where you’ll slash and tear the limbs of your opponents to steal their equipment and gain the upper hand. Global Can be activated Globally Exception if any check description Steam Can be activated on Steam Activation tutorial Digital Key Digital edition (CD-KEY) Delivered on email",Games | Action/Combat
PC Building Simulator Steam Key,https://pcgameskey.com/product/pc-building-simulator-steam-key-global/,https://pcgameskey.com/wp-content/uploads/thumbs_dir/MV5BZDE2MzNhOTItMDJjYy00NWNkLTlhM2ItM2M3YzgwNjYwNWE5XkEyXkFqcGdeQXVyNzQwMzAwNTI._V1_FMjpg_UX1000_-ezgif.com-jpg-to-webp-converter-226av80tozocaci8lvt4vmcyganftmzuf2b8fmh8cktg.webp,Us$ 4.99,"In PC Building Simulator, you’ll step into the shoes of a budding entrepreneur as you establish and expand your computer repair business. Gain expertise in diagnosing, fixing, and assembling PCs using real-world licensed components and a comprehensive hardware and software simulation. From troubleshooting to custom builds, immerse yourself in the computer repair world as you bring your ultimate PC to life. Global Can be activated Globally Exception if any check description Steam Can be activated on Steam Activation tutorial Digital Key Digital edition (CD-KEY) Delivered on email",Games | Strategy/Simulation
NBA 2K22 Steam Key Global,https://pcgameskey.com/product/nba-2k22-steam-key-global/,https://pcgameskey.com/wp-content/uploads/thumbs_dir/ezgif.com-gif-maker-7-2011kxrr5mwxeg0c5rgztqruag7k10uaydh7hz8s15yc.webp,Us$ 16.99,"Time to dive into an authentic basketball experience with NBA 2K22! Each year, Visual Concepts and 2K deliver the ultimate basketball simulator, and 2022 is no exception. Get ready to step onto the court and experience the best in basketball gaming. Global Can be activated Globally Exception if any check description Steam Can be activated on Steam Activation tutorial Digital Key Digital edition (CD-KEY) Delivered on email",Games
Green Hell Steam Key,https://pcgameskey.com/product/green-hell-steam-key-global/,https://pcgameskey.com/wp-content/uploads/thumbs_dir/ezgif.com-gif-maker-1-202y2du10gvac5kjccxo86bn10kvuxm20n7bk9om1q3o.webp,Us$ 5.39,"Dive into an immersive open-world survival simulation set in the harsh and uncharted Amazon jungle. Utilize real-life survival techniques to craft tools, hunt wildlife, gather resources, and build everything from makeshift shelters to fortified bases. Manage your health and mental well-being as you navigate the challenges of the wilderness, whether you’re surviving solo or teaming up with friends. Global Can be activated Globally Exception if any check description Steam Can be activated on Steam Activation tutorial Digital Key Digital edition (CD-KEY) Delivered on email",Games | Strategy/Simulation
GTA V Bull Shark Cash Card Rockstar Games Launcher key,https://pcgameskey.com/product/grand-theft-auto-online-bull-shark-cash-card-dlc-rockstar-games-launcher/,https://pcgameskey.com/wp-content/uploads/thumbs_dir/Screenshot_7-ezgif.com-png-to-webp-converter-1-225djxufiylhai092n97g35odbycraosozb1hn7sjz38.webp,Us$ 4.69,"Buy GTA V Bull Shark Cash Card, it’s one of the most convenient ways to boost up your GTA Online bank account! Buy whatever you want, and believe it, theres plenty to desire! From houses to businesses to various vehicles, weapons, and tons more. You got the money you got the power! Global Can be activated Globally Exception check description Rockstar Activation on Rockstar Activation tutorial Digital Key Digital edition (CD-KEY) Delivered on email",Games | Digital Currency/DLC
Fortnite Batarang Axe Pickaxe Epic Games Key,https://pcgameskey.com/product/fortnite-batarang-axe-pickaxe-dlc-epic-games-key/,https://pcgameskey.com/wp-content/uploads/thumbs_dir/ezgif-4-e70d411032-201xjtr8afkuxdeyf6gbrb40sbtonl7yx9fkx2jdshgk.webp,Us$ 1.09,"The Fortnite Batarang Axe Pickaxe DLC Epic Games Key is now available for all Fortnite enthusiasts! Originally, this exclusive item was obtained by purchasing the DC Zero Point comic and redeeming the code included. However, it’s now accessible to anyone who wants to personalize their character with unique DC-themed gear. Global Can be activated Globally Exception if any check description image/svg+xml Epic Games Activated on Epic games Activation tutorial Digital key Digital edition (CD-KEY) Delivered on email",Games
Battlefield 2042 EA App Key,https://pcgameskey.com/product/battlefield-2042-ea-app/,https://pcgameskey.com/wp-content/uploads/thumbs_dir/ezgif.com-gif-maker-1-215i0fqdsi9yhk8e0patinxi0msguab2lginyaqgwj1g.webp,Us$ 14.49,"Battlefield 2042 for PC offers an immersive first-person shooter experience with a strong emphasis on multiplayer gameplay. As the twelfth installment in the series, the game takes place in the not-so-distant future, featuring a wide array of high-tech weaponry and futuristic gadgets, including deployable drones, turrets, and robotic companions. Global Can be activated Globally Exception if any check description EA App Can be activated on EA App Activation tutorial Digital Key Digital edition (CD-KEY) Delivered on email",Games | Action/Combat
Xbox Game Pass Ultimate 2 Months Trial US,https://pcgameskey.com/product/xbox-game-pass-ultimate-2-months-trial-us/,https://pcgameskey.com/wp-content/uploads/thumbs_dir/xbox-one-xbox-game-pass-ultimate-2-months-trial-standard-edition-original-imagkwb2rarshnqb-ezgif.com-resize-220ya9r3ydrjxidjz2fr9ix34sx284yzjwyzrwam5mqs.webp,Us$ 6.49,Prepare for an unprecedented experience of gaming with Xbox Game Pass Ultimate 2-month trial! Microsoft Ultimate code will grant you all the benefits of Xbox Live Gold membership together with access to a collection of over 100 Xbox Game Pass games released for Xbox consoles and PCs!,Games | Gaming Services
Uno Uplay Key,https://pcgameskey.com/product/uno-uplay-key-global/,https://pcgameskey.com/wp-content/uploads/thumbs_dir/ezgif.com-gif-maker-5-5-768x1075-1-2011nu2dla9173qmcz3y9ekdienpyvdgjr0v8i2l0jms.webp,Us$ 3.49,"UNO makes its return with new exciting features! Match cards by colour or value and play action cards to change things up. Race against others to empty your hand before everyone else in Classic play, or customize your experience with House Rules. Global Can be activated Globally Exception check description Ubisoft Connect Activation on Ubisoft Activation tutorial Digital Key Digital edition (CD-KEY) Delivered on email",Games | Action/Combat
The Callisto Protocol Steam Key,https://pcgameskey.com/product/the-callisto-protocol-steam-key/,https://pcgameskey.com/wp-content/uploads/thumbs_dir/MV5BMDBmZTM3MzgtMmVlMi00NWFlLWJiZjEtNTBhODY1YjNjZDU0XkEyXkFqcGdeQXVyMTEwMTQ0Njk3._V1_-ezgif.com-jpg-to-webp-converter-22hqt42bchae6yku2ftydefm81p1vwh20bdlebx8j5us.webp,Us$ 5.29,Survive the terrors of Callisto and unravel the hidden secrets of Jupiter’s dead moon in a fight for survival against monstrous foes. Global Can be activated Globally Exception if any check description Steam Can be activated on Steam Activation tutorial Digital Key Digital edition (CD-KEY) Delivered on email,Games | Survival/Horror
Sid Meier’s Civilization V Steam Key,https://pcgameskey.com/product/sid-meiers-civilization-v-steam-key-global/,https://pcgameskey.com/wp-content/uploads/thumbs_dir/ezgif.com-gif-maker-11-2-201ic3w4gmcl87ex4zmql8iggj1uz2m2zv2epktx8nz8.webp,Us$ 2.14,"Explore, create, discover, and download a vast array of player-created content including maps, scenarios, interfaces, and more! Customize your gameplay experience with user-generated mods that enhance and expand the world of Sid Meier’s Civilization V to suit your strategic vision. Global Can be activated Globally Exception if any check description Steam Can be activated on Steam Activation tutorial Digital Key Digital edition (CD-KEY) Delivered on email",Games
Rain World Steam Key,https://pcgameskey.com/product/rain-world-steam-key/,https://pcgameskey.com/wp-content/uploads/thumbs_dir/MV5BODY5NzY3ZTMtOGE2Mi00M2UwLTg2MzQtNTU1ODE5YmU4OWZkXkEyXkFqcGdeQXVyNjA3NjA5ODg._V1_FMjpg_UX1000_-ezgif.com-jpg-to-webp-converter-22hzai9woi7b1nc0p2x1qgmzjvf3i5ov72c3e7e8e4x0.webp,Us$ 5.49,"You’re a nomadic slugcat, navigating a harsh world where you are both predator and prey. Equipped with your spear, you must brave the industrial wastes, hunting enough food to survive. But beware larger creatures are on the hunt too, and to them, slugcats make a tempting meal. Stay alert, keep moving, and survive in this unforgiving ecosystem. Global Can be activated Globally Exception if any check description Steam Can be activated on Steam Activation tutorial Digital Key Digital edition (CD-KEY) Delivered on email",Games
Mount & Blade Steam Key,https://pcgameskey.com/product/mount-blade-steam-key-global/,https://pcgameskey.com/wp-content/uploads/thumbs_dir/ezgif.com-gif-maker-22-1-201w83kjz2y4jf4hsebawisu0jcmh6k05ejd1zjec290.webp,Us$ 1.89,"Calradia is a land at war, offering great riches and even greater dangers to adventurers and mercenaries that flock to shed their blood on its soil. With courage and a strong sword, an unknown stranger can make a name as a warrior. Free-form sand-box gameplay. Global Can be activated Globally Exception if any check description Steam Can be activated on Steam Activation tutorial Digital Key Digital edition (CD-KEY) Delivered on email",Games | RPG/Adventure
DmC Devil May Cry Steam Key,https://pcgameskey.com/product/dmc-devil-may-cry-steam-key-global/,https://pcgameskey.com/wp-content/uploads/thumbs_dir/ezgif.com-gif-maker-1-11-201mneca5bitqhqxc90tivk604eszl5jzqjwk6s0q92c.webp,Us$ 2.99,"In this modern retelling of Dante’s origin story set against a contemporary backdrop, DmC Devil May Cry maintains its signature stylish action. Global Can be activated Globally Exception if any check description Steam Can be activated on Steam Activation tutorial Digital Key Digital edition (CD-KEY) Delivered on email",Games | Action/Combat
Darkest Dungeon Steam Key,https://pcgameskey.com/product/darkest-dungeon-steam-key-global/,https://pcgameskey.com/wp-content/uploads/thumbs_dir/ezgif.com-gif-maker-11-1-201vgmiar2vi9boxv1uawczy57rt6jnls4gr9cgc33hg.webp,Us$ 2.39,"Darkest Dungeon is a challenging gothic roguelike turn-based RPG that delves into the psychological stresses of adventuring. Recruit, train, and lead a team of flawed heroes against unimaginable horrors, stress, disease, and the ever-encroaching darkness. Can you keep your heroes together when all hope is lost? Global Can be activated Globally Exception if any check description Steam Can be activated on Steam Activation tutorial Digital Key Digital edition (CD-KEY) Delivered on email",Games | RPG/Adventure
Alan Wake Steam Key,https://pcgameskey.com/product/alan-wake-steam-key/,https://pcgameskey.com/wp-content/uploads/thumbs_dir/ezgif.com-gif-maker-75-20hg8xtetpu99bcc0gh2jotrxo67t97myiq1h2xmrlno.webp,Us$ 2.09,Prepare to delve into the world of Alan Wake and unravel the mysteries in the adventure game series. Remedy delivers a narrative filled with surprising twists and turns as you seek to uncover the answers within the story. Global Can be activated Globally Exception if any check description Steam Can be activated on Steam Activation tutorial Digital Key Digital edition (CD-KEY) Delivered on email,Games | RPG/Adventure
Resident Evil 7 Biohazard Steam Key,https://pcgameskey.com/product/resident-evil-7-biohazard-steam-key-global/,https://pcgameskey.com/wp-content/uploads/thumbs_dir/ezgif.com-gif-maker-19-201lqos0zfetxo5ege0j96ppd2qv0jupoi5q4bi05bac.webp,Us$ 6.29,“7” marks a new era for survival horror as fear and isolation permeate the walls of an abandoned southern farmhouse. Experience the visceral terror firsthand with the “Isolated View” of the gripping new first-person perspective. Global Can be activated Globally Exception if any check description Steam Can be activated on Steam Activation tutorial Digital Key Digital edition (CD-KEY) Delivered on email,Games | Survival/Horror
Postal 4 No Regerts Steam Key,https://pcgameskey.com/product/postal-4-no-regerts-steam-key/,https://pcgameskey.com/wp-content/uploads/thumbs_dir/ezgif.com-gif-maker-4-2138430zlq2o0wbgp3ga4fs1jt2pt0bxui4wsjwsngpw.webp,Us$ 5.14,"POSTAL 4 No Regrets is a wildly satirical and outrageous open-world first-person shooter, serving as the highly anticipated true sequel. Global Can be activated Globally Exception if any check description Steam Can be activated on Steam Activation tutorial Digital Key Digital edition (CD-KEY) Delivered on email",Games | Action/Combat
Dead Rising 2 Steam Key,https://pcgameskey.com/product/dead-rising-2-steam-key-global/,https://pcgameskey.com/wp-content/uploads/thumbs_dir/ezgif.com-gif-maker-6-6-201vcai12rry0dljt0wn10v6zuir2059l0at2w5ndt9g.webp,Us$ 1.99,"The sequel to the million-selling Dead Rising, Dead Rising 2 transports the zombie survival horror to Fortune City, America’s vibrant and sprawling entertainment playground. Global Can be activated Globally Exception if any check description Steam Can be activated on Steam Activation tutorial Digital Key Digital edition (CD-KEY) Delivered on email",Games | Sports/Racing
Mad Max Steam Key,https://pcgameskey.com/product/mad-max-steam-key-global/,https://pcgameskey.com/wp-content/uploads/thumbs_dir/ezgif.com-gif-maker-18-4-203rdeniazhhxrd219wpux3us0whguudvk4wrwuinh44.webp,Us$ 2.99,"Embark on a harrowing journey as Mad Max, a reluctant hero and survivor striving to escape the chaos and find solace in a world consumed by madness. Global Can be activated Globally Exception if any check description Steam Can be activated on Steam Activation tutorial Digital Key Digital edition (CD-KEY) Delivered on email",Games
Batman Arkham Collection Steam Key,https://pcgameskey.com/product/batman-arkham-collection-steam-key/,https://pcgameskey.com/wp-content/uploads/thumbs_dir/MV5BMzZmZjc5YWItYWRmMy00MzE2LWE2M2YtNmUyMjg3MTc4YWY2XkEyXkFqcGc._V1_FMjpg_UX1000_-ezgif.com-jpg-to-webp-converter-22y4cmdesvziuty1yirvsxyc0zoxtizdretnwfpxr3ok.webp,Us$ 3.79,"Relive two of the most critically acclaimed games of the last generation, Batman Arkham Asylum and Batman: Arkham City, remastered with stunning updated visuals. Then, conclude the epic journey with the explosive finale, Batman Arkham Knight. Global Can be activated Globally Exception if any check description Steam Can be activated on Steam Activation tutorial Digital Key Digital edition (CD-KEY) Delivered on email",Games
Project 2016 Professional Key,https://pcgameskey.com/product/project-2016-professional-key/,https://pcgameskey.com/wp-content/uploads/thumbs_dir/Screenshot_31-ezgif.com-png-to-webp-converter-2-22fuq0wnwo0b23wotl2yfnhzxb52itbxvyrm1o77bqzo.webp,Us$ 3.49,Buy Project 2016 Professional Key for the best price at Pcgameskey. Order now and we will send you the Project 2016 Professional product key via e-mail. The activation key is only valid for installation on 1 PC.,Office Software
Spintires Steam Key,https://pcgameskey.com/product/spintires-steam-key-global/,https://pcgameskey.com/wp-content/uploads/thumbs_dir/ezgif.com-gif-maker-40-20214m68vu2fix56uvcj57olw9khi03s388er8z55vms.webp,Us$ 2.84,"Spintires The Original Game is the award-winning, million-seller indie hit that delivers the ultimate off-road challenge. Climb aboard incredibly detailed, Soviet-inspired vehicles and venture across the rough and rugged terrain that Motherland Russia has to offer.",Games
LEGO Marvel Super Heroes 2 Steam Key,https://pcgameskey.com/product/lego-marvel-super-heroes-2-steam-key-global/,https://pcgameskey.com/wp-content/uploads/thumbs_dir/ezgif.com-gif-maker-6-7-202yam9771ged7z2vcscfzgt1far0fm9tvopts8vsmlg.webp,Us$ 1.59,"Embark on an epic adventure in LEGO Marvel Super Heroes 2, where your favorite Super Heroes and Villains from various eras and realities unite to confront the time-travelling Kang the Conqueror in a thrilling, original storyline. Global Can be activated Globally Exception if any check description Steam Can be activated on Steam Activation tutorial Digital Key Digital edition (CD-KEY) Delivered on email",Games | RPG/Adventure
The Evil Within 2 Steam Key,https://pcgameskey.com/product/the-evil-within-2-steam-key-global/,https://pcgameskey.com/wp-content/uploads/thumbs_dir/ezgif.com-gif-maker-8-2-201hrte3fx397jswhpn9rgeo89hilwllna394l39l7xg.webp,Us$ 4.39,"Detective Sebastian Castellanos has lost everything, including his daughter, Lily. To save her, he must descend into the nightmarish world of STEM. Horrifying threats emerge from every corner, and he must rely on his wits to survive. For his one chance at redemption, the only way out is in. Global Can be activated Globally Exception check description Ubisoft Connect Activation on Ubisoft Activation tutorial Digital Key Digital edition (CD-KEY) Delivered on email",Games
Payday 2 Steam Key,https://pcgameskey.com/product/payday-2-steam-key/,https://pcgameskey.com/wp-content/uploads/thumbs_dir/ezgif.com-gif-maker-14-1-201mabmv9jt4qq7jhyc2l8wa6ipyrvifvjfw8a85v1wk.webp,Us$ 2.39,"PAYDAY 2 is an action-packed, four-player co-op shooter that reunites gamers with the original PAYDAY crew – Dallas, Hoxton, Wolf, and Chains – as they embark on an epic crime spree in Washington DC. Global Can be activated Globally Exception if any check description Steam Can be activated on Steam Activation tutorial Digital Key Digital edition (CD-KEY) Delivered on email",Games | Action/Combat
Eastward Steam Key,https://pcgameskey.com/product/eastward-steam-key/,https://pcgameskey.com/wp-content/uploads/thumbs_dir/MV5BNjgwMjUzNzAtZDkxMS00NzQ2LWI4NjYtMzJkM2UyOWY3NGIxXkEyXkFqcGc._V1_FMjpg_UX1000_-ezgif.com-jpg-to-webp-converter-22y4abzb75w2hlriduprqduthl59clnejsctxm4jma90.webp,Us$ 3.49,"Step into a society teetering on the edge of collapse and embark on an unforgettable journey through a beautifully decaying world. Explore delightful yet bizarre towns, encounter peculiar creatures, and meet an eccentric cast of characters. Armed with your trusty frying pan and mysterious powers, venture into the unknown and uncover the secrets that await! Global Can be activated Globally Exception if any check description Steam Can be activated on Steam Activation tutorial Digital Key Digital edition (CD-KEY) Delivered on email",Games
The Sims 3 EA App Key,https://pcgameskey.com/product/the-sims-3-ea-key/,https://pcgameskey.com/wp-content/uploads/thumbs_dir/MV5BYzMxMGY1NWUtMzFmMi00NGQwLWE1MWQtOWI3NThlYzI0N2JjXkEyXkFqcGdeQXVyMTA0MTM5NjI2._V1_FMjpg_UX1000_-ezgif.com-jpg-to-webp-converter-226bjze24nz812z17d7vt4ncm9ig2l2qgcu749whbl2c.webp,Us$ 3.19,"In The Sims 3, you wield the power to shape the perfect world with boundless customization options. Sculpt your Sims’ personalities and guide them toward fulfilling their destinies. Global Can be activated Globally Exception if any check description EA App Can be activated on EA App Activation tutorial Digital Key Digital edition (CD-KEY) Delivered on email",Games
Blasphemous Steam Key,https://pcgameskey.com/product/blasphemous-steam-key/,https://pcgameskey.com/wp-content/uploads/thumbs_dir/ezgif.com-gif-maker-3-2-201lzvsnbjhaw1vowdbk59ml4l07ict9u5viqpoz97c4.webp,Us$ 3.24,"Embark on a journey through a nightmarish realm filled with twisted religious fervour, where secrets lurk in every shadowy corner. Employ devastating combos and merciless executions to vanquish hordes of grotesque monsters and towering bosses, each eager to rend you limb from limb. Global Can be activated Globally Exception if any check description Steam Can be activated on Steam Activation tutorial Digital Key Digital edition (CD-KEY) Delivered on email",Games
Xbox Game Pass Core 1 month Key,https://pcgameskey.com/product/xbox-game-pass-core-1-months-global/,https://pcgameskey.com/wp-content/uploads/thumbs_dir/ezgif.com-gif-maker-6-216tue19wljcbihsl3i71r065wodndldy1d1fpl9vplw.webp,Us$ 8.19,"Explore our store for a wide selection of full-version games and downloadable content (DLCs). With our prepaid cards, Microsoft points, and subscriptions, accessing your favorite games and exclusive content has never been more appealing!",Games | Gaming Services
Palworld PC/Xbox Live Key Ar,https://pcgameskey.com/product/palworld-pc-xbox-live-key-ar/,https://pcgameskey.com/wp-content/uploads/thumbs_dir/nY8_e7XjEpyEEJDqhKA1xg3ZOoJ63RjhFWaCJglrzCc_1920x1080_1x-0-ezgif.com-jpg-to-webp-converter-21oawza3lxjrftdvvtmvpa8qqfutyrbncyeixf40r1ic.webp,Us$ 2.89,"Fight, farm, build and work alongside mysterious creatures called “Pals” in this completely new multiplayer, open world survival and crafting game!",Games | Survival/Horror
Homefront Steam Key,https://pcgameskey.com/product/homefront-steam-key-global/,https://pcgameskey.com/wp-content/uploads/thumbs_dir/ezgif.com-gif-maker-49-2025wpi6ajspf5t8jdjb5era0dddijz9dtlyl2j1i0kk.webp,Us$ 2.54,"In the year 2027, the world faces unprecedented turmoil following fifteen years of economic collapse and global conflict over dwindling natural resources. Global Can be activated Globally Exception if any check description Steam Can be activated on Steam Activation tutorial Digital Key Digital edition (CD-KEY) Delivered on email",Games
Sid Meier’s Civilization VI Steam Key,https://pcgameskey.com/product/sid-meiers-civilization-vi-steam-key/,https://pcgameskey.com/wp-content/uploads/thumbs_dir/ezgif.com-gif-maker-65-209f0ld31614iu4de8iacx8p07d9eaad1xloowe4n78k.webp,Us$ 1.99,"Embark on an epic journey spanning centuries with Sid Meier’s Civilization VI Steam key! While strategy games are typically associated with the PC platform, Civilization VI breaks this mold, offering a rich gaming experience accessible beyond traditional boundaries. Global Can be activated Globally Exception if any check description Steam Can be activated on Steam Activation tutorial Digital Key Digital edition (CD-KEY) Delivered on email",Games | Strategy/Simulation
House Flipper Steam Key,https://pcgameskey.com/product/house-flipper-steam-key-global/,https://pcgameskey.com/wp-content/uploads/thumbs_dir/815ma7JAhFL._AC_UF8941000_QL80_-ezgif.com-jpg-to-webp-converter-225dpsr89srj9dh03yn8hkdns9rotjyjksjwkgkumxd0.webp,Us$ 5.29,"House Flipper offers a unique opportunity to become a one-man renovation crew. Buy, repair, and remodel devastated houses, giving them a second life, and sell them at a profit!",Games
DiRT Rally Steam Key,https://pcgameskey.com/product/dirt-rally-steam-key-global/,https://pcgameskey.com/wp-content/uploads/thumbs_dir/ezgif.com-gif-maker-41-20215q7iqxd8ir8dbrbj3ewwogdtn6o1uie1xrx466w4.webp,Us$ 2.99,"DiRT Rally stands as the most authentic and thrilling rally game ever created, road-tested over 80 million miles by the dedicated DiRT community. It flawlessly captures the white-knuckle sensation of racing on the edge, as you navigate treacherous roads with the constant risk that one crash could irreparably damage your stage time. Global Can be activated Globally Exception if any check description Steam Can be activated on Steam Activation tutorial Digital Key Digital edition (CD-KEY) Delivered on email",Games | Sports/Racing
Mortal Kombat 11 Steam Key,https://pcgameskey.com/product/mortal-kombat-11-steam-key/,https://pcgameskey.com/wp-content/uploads/thumbs_dir/ezgif.com-gif-maker-45-205dercun1lhu9jxi7wquu9m8ynlb8dtic97bp9alylg.webp,Us$ 3.84,"Experience the next evolution of the iconic franchise with Mortal Kombat 11. Get ready to engage in fierce battles, explore deep storylines, and enjoy the ultimate fighting game experience. Global Can be activated Globally Exception if any check description Steam Can be activated on Steam Activation tutorial Digital Key Digital edition (CD-KEY) Delivered on email",Games | Action/Combat
Goat Simulator Steam Key,https://pcgameskey.com/product/goat-simulator-steam-key-global/,https://pcgameskey.com/wp-content/uploads/thumbs_dir/ezgif.com-gif-maker-6-8-214pf5gh23bg5e8ghz7wj8m4fg3lv95u1ivtomjvntk4.webp,Us$ 1.89,Experience the cutting-edge of goat simulation with Goat Simulator. Global Can be activated Globally Exception if any check description Steam Can be activated on Steam Activation tutorial Digital Key Digital edition (CD-KEY) Delivered on email,Games | Strategy/Simulation
Batman Arkham City Goty Steam Key,https://pcgameskey.com/product/batman-arkham-city-goty-steam-key/,https://pcgameskey.com/wp-content/uploads/thumbs_dir/ezgif.com-gif-maker-23-201wafpbhgnyotb6c8gi3p4ja7l2311k4tmcq4wvk0v8.webp,Us$ 2.29,"In the heart of Gotham City lies Arkham City, a sprawling mega-prison housing the city’s most violent criminals and notorious supervillains. With innocent lives hanging in the balance, only one hero can restore justice to the streets Batman. Global Can be activated Globally Exception if any check description Steam Can be activated on Steam Activation tutorial Digital Key Digital edition (CD-KEY) Delivered on email",Games
Battlefield 1 EA App Key,https://pcgameskey.com/product/battlefield-1-ea-key/,https://pcgameskey.com/wp-content/uploads/thumbs_dir/ezgif.com-gif-maker-47-1-205diih5fh8gp7lnu7td6ro4n3nlsq18fx19286y9ilg.webp,Us$ 2.99,"Battlefield 1 transports you to the heart of World War I, where the dawn of new technology and a global conflict reshaped the landscape of warfare. Immerse yourself in every pivotal battle, command formidable vehicles, and execute strategic manoeuvres that can shift the course of entire engagements. With the world engulfed in war, venture beyond the trenches to experience the full scope of the conflict. Global Can be activated Globally Exception if any check description EA App Can be activated on EA App Activation tutorial Digital Key Digital edition (CD-KEY) Delivered on email",Games | Action/Combat
Wolfenstein The New Order Steam Key,https://pcgameskey.com/product/wolfenstein-the-new-order-steam-key-global/,https://pcgameskey.com/wp-content/uploads/thumbs_dir/ezgif.com-gif-maker-53-202a71pxt0eqvi2iuz8ok8nz7c7huah1v2bo9kss9rok.webp,Us$ 3.49,"Wolfenstein The New Order reignites the series that pioneered the first-person shooter genre. This instalment offers a rich narrative filled with action, adventure, and intense first-person combat. Global Can be activated Globally Exception if any check description Steam Can be activated on Steam Activation tutorial Digital Key Digital edition (CD-KEY) Delivered on email",Games | RPG/Adventure
Cities Skylines 2 Steam Key,https://pcgameskey.com/product/cities-skylines-2-steam-key/,https://pcgameskey.com/wp-content/uploads/thumbs_dir/MV5BZjFlNWE5YWEtZTY1OC00Y2Y2LWFiNjEtYjJjYjUxM2FlNzIyXkEyXkFqcGc._V1_-ezgif.com-jpg-to-webp-converter-22x6afamc4gb85k45b8plqf00zmrsjtja07j86trgy90.webp,Us$ 19.99,"Raise a city from the ground up and turn it into a thriving metropolis in this groundbreaking city-building simulation. Push your creativity and problem-solving skills to new heights as you design and expand on an unprecedented scale. With deep simulation mechanics and a dynamic living economy, experience world-building like never before where every decision shapes your city’s future! Global Can be activated Globally Exception if any check description Steam Can be activated on Steam Activation tutorial Digital Key Digital edition (CD-KEY) Delivered on email",Games | Strategy/Simulation
"Fortnite Rogue Scout Pack + 1,500 V-Bucks Xbox live Key Ar",https://pcgameskey.com/product/fortnite-rogue-scout-pack-1500-v-bucks-xbox-live-key-ar/,https://pcgameskey.com/wp-content/uploads/thumbs_dir/ezgif.com-jpg-to-webp-converter-21l2krm37ap8o0hyctiv41ggkeiwix5pa851ddilsdic.webp,Us$ 4.99,"Discover the latest Fortnite bundle featuring the Dara Outfit (in LEGO Style), the Mercenary Razorsword Back Bling, the Razorsword Scabbard Pickaxe, and the thrilling Dara Challenges, where you can earn up to 1,500 V-Bucks by completing Save the World daily quests.",Games | Digital Currency/DLC
Tom Clancy The Division Uplay Key,https://pcgameskey.com/product/tom-clancy-the-division-uplay-key/,https://pcgameskey.com/wp-content/uploads/thumbs_dir/ezgif.com-gif-maker-12-1-201i1opehcvnjlc4eledthktxfyvvwci8wqcd07rshus.webp,Us$ 6.39,"After a deadly pandemic sweeps through New York, it’s up to the Agents to save what remains. Complete missions, explore the Dark Zone, and fight back against enemy factions alone or with up to three friends. Experience a full endgame that offers new PvP and PvE modes. Global Can be activated Globally Exception check description Ubisoft Connect Activation on Ubisoft Activation tutorial Digital Key Digital edition (CD-KEY) Delivered on email",Office Software | Games | Action/Combat
The Elder Scrolls V Skyrim Steam Key,https://pcgameskey.com/product/the-elder-scrolls-v-skyrim-steam-key-global/,https://pcgameskey.com/wp-content/uploads/thumbs_dir/ezgif.com-gif-maker-1-201e7wb16bskp055n2amonxg964a82i6dmd9yap1sf38.webp,Us$ 6.49,"The Elder Scrolls V Skyrim for PC heralds another chapter in the renowned Elder Scrolls saga, crafted by Bethesda Game Studios. Immerse yourself in an expansive open-world adventure, steeped in the rich lore of ancient days, where tales of valiant warriors echo through the Northern lands. With captivating quests that test even the most seasoned RPG players, Skyrim delivers an unforgettable gaming experience. Global Can be activated Globally Exception if any check description Steam Can be activated on Steam Activation tutorial Digital Key Digital edition (CD-KEY) Delivered on email",Games | RPG/Adventure
A Plague Tale Requiem Steam Key,https://pcgameskey.com/product/a-plague-tale-requiem-steam-key/,https://pcgameskey.com/wp-content/uploads/thumbs_dir/MV5BZGQ4ODRjYTMtMjMwZS00MjhiLWJhZWUtOWMzOTc1OGQwNWU5XkEyXkFqcGdeQXVyNDY2NDU1MzA._V1_FMjpg_UX1000_-ezgif.com-jpg-to-webp-converter-22e8ropds6bi9byfkufcfjujxt8y76g51qcj0m33t8pw.webp,Us$ 6.39,"Embark on an emotional journey into a brutal, breathtaking world, and uncover the price of saving your loved ones in a desperate struggle for survival. Strike from the shadows or unleash chaos with a diverse arsenal of weapons, tools, and supernatural powers. Global Can be activated Globally Exception if any check description Steam Can be activated on Steam Activation tutorial Digital Key Digital edition (CD-KEY) Delivered on email",Games | Survival/Horror
Just Cause 3 Steam Key,https://pcgameskey.com/product/just-cause-3-steam-key-global/,https://pcgameskey.com/wp-content/uploads/thumbs_dir/ezgif.com-gif-maker-12-5-202ypbpixyeiim54olv9ygazzly1388m05kknhdmuxr8.webp,Us$ 3.09,"With over 1,000 square kilometres of unrestricted freedom from sky to seabed, Rico Rodriguez is back to unleash chaos in the most imaginative and explosive ways possible. Global Can be activated Globally Exception if any check description Steam Can be activated on Steam Activation tutorial Digital Key Digital edition (CD-KEY) Delivered on email",Games
Xbox Game Pass Ultimate 1 Month Trial US,https://pcgameskey.com/product/xbox-game-pass-ultimate-1-month-us/,https://pcgameskey.com/wp-content/uploads/thumbs_dir/admin-ajax-2-21fpc15h5fue3589p884a8wn2sp92f25nh1mabgt0gh0.webp,Us$ 7.99,"Xbox Game Pass Ultimate (Xbox One/ Windows 10) includes over 100 high-quality games for console, PC, and Android mobile devices (Beta, where available), all the benefits of Xbox Live Gold, and an EA Play membership, all for one low monthly price. Play together with friends and discover your next favourite game. See more below",Games | Gaming Services
V Rising Steam Key,https://pcgameskey.com/product/v-rising-steam-key/,https://pcgameskey.com/wp-content/uploads/thumbs_dir/MV5BNDhjYjBkNzItZDUyNi00ZjMwLWEwMmQtNTYwMjhiYmExMDMwXkEyXkFqcGc._V1_-ezgif.com-jpg-to-webp-converter-22yxexq4tkpyh2joe2t135y7vdfsk9kdwxkw02h2dnxg.webp,Us$ 13.79,"Hunt for blood in nearby settlements to restore your strength and avoid the deadly rays of the sun to ensure your survival. Build and fortify your castle to establish your dominion in a dynamic, ever-changing open world teeming with mystery. Forge alliances online, expand your influence, and conquer the land of the living. Global Can be activated Globally Exception if any check description Steam Can be activated on Steam Activation tutorial Digital Key Digital edition (CD-KEY) Delivered on email",Games | Survival/Horror
Visio 2016 Professional Key,https://pcgameskey.com/product/visio-2016-professional-key/,https://pcgameskey.com/wp-content/uploads/thumbs_dir/Screenshot_30-ezgif.com-png-to-webp-converter-2-22fum4xfdkfcq13kleopvc1mqu3ga34ggslpdxvn1x0k.webp,Us$ 2.99,Buy Visio 2016 Professional Key for the best price at Pcgameskey. Order now and we will send you the Visio 2016 Professional product key via e-mail. The activation key is only valid for installation on 1 PC.,Office Software
Tekken 8 Steam Key,https://pcgameskey.com/product/tekken-8-steam-key/,https://pcgameskey.com/wp-content/uploads/thumbs_dir/MV5BZmFkNGY5Y2EtMGM1Ny00MDBlLTgzMDYtY2ViNWJmMWJhYTU0XkEyXkFqcGc._V1_QL75_UX820_-ezgif.com-jpg-to-webp-converter-22o1oc3q1fkbubqjnp20lte1ehbhc6j4am4f7yaclbac.webp,Us$ 32.99,"Get ready for the next chapter in the legendary fighting game franchise, TEKKEN 8. Global Can be activated Globally Exception if any check description Steam Can be activated on Steam Activation tutorial Digital Key Digital edition (CD-KEY) Delivered on email",Games
Plants vs Zombies Battle for Neighborville EA App Key,https://pcgameskey.com/product/plants-vs-zombies-battle-for-neighborville-ea-app-key/,https://pcgameskey.com/wp-content/uploads/thumbs_dir/ezgif.com-resize-2-2137rou3ev174tc0y3h08u5gi5thrlmd9r0ysc9h9jl0.webp,Us$ 3.64,"Kick some grass in Plants vs. Zombies: Battle for Neighborville, the wackiest shooter yet! Dive into vibrant, open-world environments, explore expansive areas, and engage in fun-filled Player vs. Environment and multiplayer battles. Global Can be activated Globally Exception if any check description EA App Can be activated on EA App Activation tutorial Digital Key Digital edition (CD-KEY) Delivered on email",Games | Action/Combat
Human Fall Flat Steam Key,https://pcgameskey.com/product/human-fall-flat-steam-key-global/,https://pcgameskey.com/wp-content/uploads/thumbs_dir/ezgif.com-gif-maker-1-5-201mci3z2sr83kvrvhp8mezdktgy6q8vcmivd4bd1so4.webp,Us$ 1.69,"Human Fall Flat offers a hilarious and light-hearted platforming experience set in whimsical floating dreamscapes. Whether you choose to embark on the adventure solo or join up to 8 players online, the fun never stops. Plus, with free new levels regularly added, the vibrant community is always rewarded with fresh content to explore and enjoy. Global Can be activated Globally Exception if any check description Steam Can be activated on Steam Activation tutorial Digital Key Digital edition (CD-KEY) Delivered on email",Games | RPG/Adventure
